bike_type,rides,share
electric_bike,1214077,0.6436939752686616
classic_bike,672032,0.35630602473133843
