rider_type,rides,share
member,1678509,0.8899321301154918
casual,207600,0.11006786988450827
